avg_latency_sec,checklist_accuracy,checklist_cohen_kappa,checklist_macro_f1,est_cost_rub_per_1000_calls,f1_closing,f1_greeting,f1_needs_discovery,f1_next_step_set,f1_objection_handling,f1_presentation,f1_self_introduction,fact_f1,fact_precision,fact_recall,model,n_calls,n_parsed_ok,outcome_accuracy,parse_rate,sentiment_accuracy,summary_rouge_l,total_input_tokens,total_output_tokens
3.7935532291661125,0.9523809523809523,0.8644067796610168,0.9319838056680162,1100.1000000000001,1.0,1.0,0.9411764705882353,1.0,0.9411764705882353,0.8750000000000001,1.0,0.16636488511488512,0.18035714285714285,0.15674603174603174,yandex_pro,12,12,0.75,1.0,0.6666666666666666,0.2419879336905468,8129,2872
3.6910857534163974,0.9404761904761905,0.8275862068965516,0.9133484629667836,185.81666666666663,0.9473684210526316,0.9565217391304348,0.888888888888889,1.0,1.0,0.9333333333333333,1.0,0.16546876326288093,0.18819444444444444,0.1488095238095238,yandex_lite,12,12,0.6666666666666666,1.0,0.5833333333333334,0.25049063055729065,8129,3020
11.026094590249764,0.42857142857142855,0.1192660550458715,0.42727272727272725,0.0,0.19999999999999998,0.42857142857142855,0.9411764705882353,0.18181818181818182,0.2222222222222222,0.4444444444444445,0.0,0.08042328042328042,0.11805555555555554,0.062003968253968256,local_qwen_1_5b,12,12,0.5833333333333334,1.0,0.5833333333333334,0.0900493104245469,10768,2148
